{"stats":{"minecraft:crafted":{"minecraft:oak_planks":112,"minecraft:furnace":3,"minecraft:cooked_mutton":6,"minecraft:iron_boots":1,"minecraft:iron_axe":1,"minecraft:stone_pickaxe":3,"minecraft:wheat":297,"minecraft:crafting_table":5,"minecraft:wooden_pickaxe":3,"minecraft:iron_helmet":1,"minecraft:iron_sword":1,"minecraft:bucket":2,"minecraft:stone_axe":1,"minecraft:bread":99,"minecraft:air":0,"minecraft:iron_chestplate":1,"minecraft:charcoal":6,"minecraft:shield":1,"minecraft:stick":60,"minecraft:iron_ingot":11,"minecraft:iron_pickaxe":3,"minecraft:stone_sword":2,"minecraft:iron_leggings":2,"minecraft:torch":120},"minecraft:killed_by":{"minecraft:player":3,"minecraft:creeper":3,"minecraft:spider":2,"minecraft:enderman":1,"minecraft:iron_golem":1,"minecraft:shulker":1,"minecraft:skeleton":2},"minecraft:mined":{"minecraft:large_amethyst_bud":2,"minecraft:tuff":6,"minecraft:mossy_cobblestone":1,"minecraft:cobblestone_stairs":1,"minecraft:granite":3,"minecraft:budding_amethyst":3,"minecraft:grass_block":5,"minecraft:furnace":1,"minecraft:iron_ore":72,"minecraft:cobbled_deepslate":2,"minecraft:fire":10,"minecraft:andesite":5,"minecraft:deepslate_lapis_ore":3,"minecraft:gold_block":1,"minecraft:deepslate_iron_ore":3,"minecraft:small_amethyst_bud":1,"minecraft:chorus_plant":2,"minecraft:stone":652,"minecraft:infested_stone_bricks":1,"minecraft:medium_amethyst_bud":1,"minecraft:amethyst_cluster":1,"minecraft:dandelion":2,"minecraft:oak_fence":4,"minecraft:crafting_table":1,"minecraft:torch":3,"minecraft:short_grass":28,"minecraft:nether_quartz_ore":3,"minecraft:tall_grass":6,"minecraft:cobblestone":59,"minecraft:lapis_ore":11,"minecraft:deepslate_gold_ore":4,"minecraft:oak_planks":14,"minecraft:diorite":9,"minecraft:wall_torch":4,"minecraft:bee_nest":1,"minecraft:oak_log":34,"minecraft:coal_ore":68,"minecraft:end_rod":7,"minecraft:sand":1,"minecraft:dirt":15,"minecraft:cobweb":4,"minecraft:smooth_basalt":6,"minecraft:stone_bricks":2,"minecraft:netherrack":3,"minecraft:mossy_stone_bricks":2,"minecraft:oak_leaves":7,"minecraft:deepslate":47},"minecraft:dropped":{"minecraft:bread":18,"minecraft:iron_sword":1,"minecraft:wheat_seeds":1,"minecraft:diamond":2,"minecraft:crossbow":1,"minecraft:oak_fence":4,"minecraft:cobblestone":9,"minecraft:amethyst_block":90,"minecraft:granite":2,"minecraft:red_wool":1,"minecraft:dirt":1,"minecraft:gray_wool":1,"minecraft:diorite":4,"minecraft:torch":1,"minecraft:brown_wool":1,"minecraft:amethyst_shard":2,"minecraft:string":9,"minecraft:white_wool":64,"minecraft:smooth_basalt":8,"minecraft:bone":13,"minecraft:stone_sword":2,"minecraft:cobbled_deepslate":6,"minecraft:yellow_wool":1,"minecraft:raw_iron":10,"minecraft:rotten_flesh":5,"minecraft:light_gray_wool":1,"minecraft:oak_planks":1,"minecraft:azure_bluet":1,"minecraft:orange_wool":1,"minecraft:spruce_trapdoor":2,"minecraft:iron_chestplate":2,"minecraft:oak_sapling":2,"minecraft:spider_eye":1,"minecraft:wooden_pickaxe":1,"minecraft:stone_pickaxe":2,"minecraft:raw_gold":4,"minecraft:calcite":17,"minecraft:black_wool":1},"minecraft:picked_up":{"minecraft:crafting_table":3,"minecraft:iron_chestplate":6,"minecraft:azure_bluet":1,"minecraft:chicken":2,"minecraft:yellow_wool":1,"minecraft:wooden_pickaxe":2,"minecraft:enchanted_book":2,"minecraft:shield":3,"minecraft:amethyst_block":96,"minecraft:string":21,"minecraft:wooden_sword":1,"minecraft:iron_leggings":2,"minecraft:diamond_leggings":1,"minecraft:cobbled_deepslate":61,"minecraft:beef":3,"minecraft:calcite":20,"minecraft:light_gray_wool":1,"minecraft:iron_pickaxe":2,"minecraft:sugar_cane":6,"minecraft:spruce_trapdoor":4,"minecraft:furnace":3,"minecraft:iron_boots":4,"minecraft:egg":3,"minecraft:stick":29,"minecraft:raw_iron":254,"minecraft:stone":64,"minecraft:oak_fence":5,"minecraft:torch":39,"minecraft:diorite":23,"minecraft:golden_chestplate":3,"minecraft:stone_sword":3,"minecraft:arrow":46,"minecraft:rotten_flesh":79,"minecraft:end_rod":6,"minecraft:mutton":8,"minecraft:cobblestone":894,"minecraft:white_wool":70,"minecraft:feather":2,"minecraft:water_bucket":3,"minecraft:andesite":5,"minecraft:brown_wool":1,"minecraft:leather":2,"minecraft:potato":12,"minecraft:tuff":6,"minecraft:oak_log":78,"minecraft:yellow_bed":1,"minecraft:gunpowder":7,"minecraft:cobblestone_stairs":2,"minecraft:lapis_lazuli":364,"minecraft:dirt":34,"minecraft:bone":33,"minecraft:stone_bricks":3,"minecraft:bow":7,"minecraft:wheat_seeds":8,"minecraft:raw_gold":8,"minecraft:cobbled_deepslate_slab":12,"minecraft:stone_pickaxe":5,"minecraft:iron_ingot":12,"minecraft:iron_sword":8,"minecraft:oak_planks":99,"minecraft:smooth_basalt":11,"minecraft:red_wool":1,"minecraft:dandelion":1,"minecraft:sand":1,"minecraft:amethyst_shard":4,"minecraft:orange_wool":1,"minecraft:mossy_cobblestone":1,"minecraft:spider_eye":3,"minecraft:leather_helmet":1,"minecraft:diamond_shovel":1,"minecraft:diamond":10,"minecraft:stone_axe":3,"minecraft:granite":7,"minecraft:iron_helmet":4,"minecraft:crossbow":1,"minecraft:bone_meal":76,"minecraft:gray_wool":1,"minecraft:bread":140,"minecraft:black_wool":1,"minecraft:oak_sapling":7,"minecraft:chorus_fruit":18,"minecraft:coal":196,"minecraft:ender_pearl":4},"minecraft:broken":{"minecraft:stone_sword":1,"minecraft:stone_pickaxe":1,"minecraft:iron_pickaxe":2},"minecraft:killed":{"minecraft:cave_spider":2,"minecraft:spider":12,"minecraft:phantom":2,"minecraft:skeleton":13,"minecraft:chicken":2,"minecraft:creeper":3,"minecraft:sheep":4,"minecraft:zombie":23,"minecraft:cow":2,"minecraft:enderman":3},"minecraft:used":{"minecraft:stone_sword":111,"minecraft:shield":37,"minecraft:iron_sword":161,"minecraft:rotten_flesh":1,"minecraft:iron_chestplate":2,"minecraft:torch":129,"minecraft:dirt":26,"minecraft:mutton":2,"minecraft:tuff":6,"minecraft:granite":1,"minecraft:lava_bucket":1,"minecraft:iron_axe":8,"minecraft:stone_bricks":3,"minecraft:bow":1,"minecraft:furnace":3,"minecraft:potato":3,"minecraft:cobbled_deepslate":35,"minecraft:cooked_mutton":4,"minecraft:water_bucket":118,"minecraft:diorite":2,"minecraft:cobblestone_stairs":1,"minecraft:chorus_fruit":5,"minecraft:oak_planks":3,"minecraft:stone_pickaxe":264,"minecraft:ender_pearl":3,"minecraft:wooden_pickaxe":64,"minecraft:mossy_cobblestone":1,"minecraft:sand":1,"minecraft:crafting_table":6,"minecraft:chicken":1,"minecraft:bread":68,"minecraft:iron_pickaxe":660,"minecraft:stone_axe":23,"minecraft:wooden_sword":3,"minecraft:cobblestone":719,"minecraft:andesite":5,"minecraft:bucket":119,"minecraft:diamond_leggings":1},"minecraft:custom":{"minecraft:mob_kills":69,"minecraft:interact_with_crafting_table":26,"minecraft:bell_ring":3,"minecraft:leave_game":2,"minecraft:time_since_death":3527,"minecraft:climb_one_cm":3126,"minecraft:sprint_one_cm":318818,"minecraft:walk_one_cm":382584,"minecraft:damage_blocked_by_shield":2597,"minecraft:drop":47,"minecraft:talked_to_villager":6,"minecraft:play_time":206107,"minecraft:deaths":18,"minecraft:sneak_time":32824,"minecraft:walk_under_water_one_cm":61162,"minecraft:jump":3775,"minecraft:interact_with_brewingstand":2,"minecraft:walk_on_water_one_cm":19309,"minecraft:total_world_time":206107,"minecraft:interact_with_furnace":19,"minecraft:sleep_in_bed":1,"minecraft:time_since_rest":3556,"minecraft:damage_taken":9050,"minecraft:damage_dealt":12927,"minecraft:player_kills":3,"minecraft:swim_one_cm":52698,"minecraft:fly_one_cm":703226,"minecraft:open_chest":21,"minecraft:crouch_one_cm":115214,"minecraft:fall_one_cm":90592,"minecraft:inspect_dispenser":1,"minecraft:horse_one_cm":10258}},"DataVersion":3955}