{"stats":{"minecraft:custom":{"minecraft:interact_with_furnace":10,"minecraft:mob_kills":10,"minecraft:interact_with_crafting_table":1,"minecraft:open_shulker_box":1,"minecraft:leave_game":4,"minecraft:time_since_death":2136,"minecraft:sleep_in_bed":1,"minecraft:climb_one_cm":322,"minecraft:time_since_rest":2170,"minecraft:sprint_one_cm":106094,"minecraft:damage_taken":1356,"minecraft:walk_one_cm":188477,"minecraft:drop":28,"minecraft:damage_dealt":2033,"minecraft:swim_one_cm":33113,"minecraft:talked_to_villager":1,"minecraft:fly_one_cm":139464,"minecraft:open_chest":26,"minecraft:crouch_one_cm":13367,"minecraft:play_time":59521,"minecraft:deaths":2,"minecraft:sneak_time":3267,"minecraft:walk_under_water_one_cm":3565,"minecraft:jump":812,"minecraft:walk_on_water_one_cm":8344,"minecraft:total_world_time":59521,"minecraft:fall_one_cm":25036,"minecraft:inspect_dispenser":1},"minecraft:dropped":{"minecraft:gravel":3,"minecraft:ancient_debris":1,"minecraft:diamond_axe":2,"minecraft:oak_log":1,"minecraft:baked_potato":7,"minecraft:diamond_leggings":1,"minecraft:poisonous_potato":3,"minecraft:cobblestone":1,"minecraft:white_bed":1,"minecraft:oxeye_daisy":1,"minecraft:dirt":4,"minecraft:gunpowder":3,"minecraft:torch":1,"minecraft:arrow":2,"minecraft:stone_pickaxe":1,"minecraft:string":2,"minecraft:bone":2},"minecraft:picked_up":{"minecraft:golden_leggings":1,"minecraft:diamond_sword":2,"minecraft:potato":203,"minecraft:oak_log":7,"minecraft:ancient_debris":3,"minecraft:gunpowder":3,"minecraft:string":2,"minecraft:dirt":4,"minecraft:bone":2,"minecraft:blackstone":3,"minecraft:diamond_leggings":3,"minecraft:cobbled_deepslate":291,"minecraft:raw_gold":16,"minecraft:iron_ingot":15,"minecraft:diamond_helmet":2,"minecraft:quartz":52,"minecraft:poisonous_potato":3,"minecraft:gravel":4,"minecraft:white_bed":15,"minecraft:redstone":34,"minecraft:rotten_flesh":5,"minecraft:diamond_shovel":2,"minecraft:arrow":2,"minecraft:diamond_chestplate":1,"minecraft:diamond_boots":2,"minecraft:diamond_axe":4,"minecraft:baked_potato":5,"minecraft:netherrack":1090,"minecraft:oxeye_daisy":1,"minecraft:coal":15,"minecraft:cobblestone":1,"minecraft:diamond_pickaxe":2},"minecraft:killed_by":{"minecraft:player":1},"minecraft:crafted":{"minecraft:oak_planks":16,"minecraft:baked_potato":31,"minecraft:bucket":1,"minecraft:air":0,"minecraft:stick":4,"minecraft:torch":4},"minecraft:used":{"minecraft:water_bucket":2,"minecraft:baked_potato":19,"minecraft:diamond_axe":6,"minecraft:netherrack":163,"minecraft:white_bed":9,"minecraft:diamond_pickaxe":1045,"minecraft:diamond_shovel":2,"minecraft:diamond_sword":48,"minecraft:bucket":2,"minecraft:potato":41,"minecraft:cobbled_deepslate":35},"minecraft:mined":{"minecraft:nether_gold_ore":2,"minecraft:deepslate_redstone_ore":8,"minecraft:blackstone":8,"minecraft:grass_block":1,"minecraft:nether_quartz_ore":33,"minecraft:deepslate_gold_ore":8,"minecraft:fire":53,"minecraft:cobbled_deepslate":1,"minecraft:coal_ore":10,"minecraft:potatoes":41,"minecraft:oak_log":6,"minecraft:gravel":5,"minecraft:stone":2,"minecraft:netherrack":792,"minecraft:deepslate":165},"minecraft:killed":{"minecraft:spider":1,"minecraft:creeper":2,"minecraft:skeleton":2,"minecraft:zombie":5}},"DataVersion":3955}