{"stats":{"minecraft:crafted":{"minecraft:wooden_sword":3,"minecraft:oak_planks":224,"minecraft:oak_sign":3,"minecraft:stone_shovel":1,"minecraft:spruce_button":1,"minecraft:furnace":1,"minecraft:diamond_shovel":1,"minecraft:diamond_helmet":1,"minecraft:diamond_leggings":1,"minecraft:stone_pickaxe":6,"minecraft:chest":1,"minecraft:diamond_boots":1,"minecraft:cooked_beef":6,"minecraft:wooden_shovel":1,"minecraft:diamond_sword":1,"minecraft:crafting_table":6,"minecraft:wooden_pickaxe":6,"minecraft:baked_potato":31,"minecraft:diamond_pickaxe":2,"minecraft:shield":1,"minecraft:stick":156,"minecraft:stone_sword":2,"minecraft:diamond_chestplate":1},"minecraft:picked_up":{"minecraft:iron_chestplate":4,"minecraft:coarse_dirt":131,"minecraft:crafting_table":13,"minecraft:azure_bluet":5,"minecraft:nether_wart":40,"minecraft:stone_slab":2,"minecraft:diamond_sword":4,"minecraft:wooden_pickaxe":1,"minecraft:oak_stairs":13,"minecraft:brewing_stand":2,"minecraft:shield":8,"minecraft:amethyst_block":368,"minecraft:cornflower":1,"minecraft:string":32,"minecraft:raw_copper":14,"minecraft:iron_axe":2,"minecraft:wooden_sword":5,"minecraft:flint_and_steel":3,"minecraft:iron_leggings":4,"minecraft:iron_shovel":1,"minecraft:diamond_leggings":4,"minecraft:gold_nugget":4,"minecraft:cobbled_deepslate":919,"minecraft:spruce_planks":37,"minecraft:beef":32,"minecraft:calcite":56,"minecraft:iron_pickaxe":1,"minecraft:poppy":6,"minecraft:light_gray_wool":3,"minecraft:spruce_slab":4,"minecraft:melon_slice":51,"minecraft:sugar_cane":8,"minecraft:chest":4,"minecraft:spruce_trapdoor":2,"minecraft:diamond_hoe":1,"minecraft:iron_boots":4,"minecraft:egg":7,"minecraft:tipped_arrow":4,"minecraft:raw_iron":33,"minecraft:stick":163,"minecraft:end_stone":326,"minecraft:oak_door":3,"minecraft:composter":2,"minecraft:oak_fence":16,"minecraft:torch":64,"minecraft:porkchop":23,"minecraft:diorite":52,"minecraft:carrot":2,"minecraft:redstone":65,"minecraft:stone_sword":6,"minecraft:arrow":4,"minecraft:stone_shovel":1,"minecraft:rotten_flesh":40,"minecraft:diamond_chestplate":5,"minecraft:diamond_boots":3,"minecraft:hay_block":11,"minecraft:gold_ingot":10,"minecraft:white_terracotta":3,"minecraft:mutton":53,"minecraft:rail":7,"minecraft:white_wool":43,"minecraft:cobblestone":1844,"minecraft:magma_block":1,"minecraft:feather":2,"minecraft:golden_carrot":10,"minecraft:water_bucket":3,"minecraft:andesite":60,"minecraft:leather":18,"minecraft:potato":1,"minecraft:flint":10,"minecraft:tuff":65,"minecraft:oak_log":293,"minecraft:golden_boots":1,"minecraft:yellow_bed":3,"minecraft:gunpowder":2,"minecraft:cobblestone_stairs":4,"minecraft:lapis_lazuli":86,"minecraft:dirt":1676,"minecraft:bone":17,"minecraft:bow":1,"minecraft:wheat_seeds":108,"minecraft:raw_gold":8,"minecraft:iron_ingot":136,"minecraft:stone_pickaxe":8,"minecraft:diamond_helmet":3,"minecraft:oak_planks":767,"minecraft:iron_sword":3,"minecraft:soul_sand":3,"minecraft:book":1,"minecraft:smooth_basalt":21,"minecraft:cooked_porkchop":8,"minecraft:dandelion":20,"minecraft:dripstone_block":3,"minecraft:gravel":89,"minecraft:sand":1418,"minecraft:amethyst_shard":24,"minecraft:ink_sac":4,"minecraft:white_bed":18,"minecraft:spruce_log":20,"minecraft:spider_eye":9,"minecraft:shulker_box":5,"minecraft:mossy_cobblestone":4,"minecraft:diamond_shovel":19,"minecraft:sugar":2,"minecraft:slime_ball":5,"minecraft:diamond":76,"minecraft:iron_helmet":5,"minecraft:crossbow":2,"minecraft:granite":7,"minecraft:gray_wool":3,"minecraft:bread":33,"minecraft:baked_potato":14,"minecraft:oak_sapling":24,"minecraft:chorus_fruit":15,"minecraft:coal":204,"minecraft:diamond_pickaxe":6,"minecraft:ender_pearl":30},"minecraft:custom":{"minecraft:mob_kills":130,"minecraft:interact_with_crafting_table":51,"minecraft:open_shulker_box":11,"minecraft:leave_game":12,"minecraft:time_since_death":361,"minecraft:climb_one_cm":7958,"minecraft:sprint_one_cm":1127333,"minecraft:walk_one_cm":2271846,"minecraft:damage_blocked_by_shield":1068,"minecraft:drop":142,"minecraft:play_time":585519,"minecraft:sneak_time":2818,"minecraft:deaths":30,"minecraft:walk_under_water_one_cm":46692,"minecraft:jump":5765,"minecraft:walk_on_water_one_cm":88414,"minecraft:total_world_time":585519,"minecraft:interact_with_furnace":30,"minecraft:sleep_in_bed":9,"minecraft:time_since_rest":397,"minecraft:open_enderchest":1,"minecraft:damage_taken":15470,"minecraft:damage_dealt":22633,"minecraft:player_kills":2,"minecraft:swim_one_cm":179318,"minecraft:fly_one_cm":1206669,"minecraft:open_chest":84,"minecraft:crouch_one_cm":5988,"minecraft:fall_one_cm":149792,"minecraft:horse_one_cm":17610},"minecraft:dropped":{"minecraft:water_bucket":2,"minecraft:soul_sand":3,"minecraft:wheat_seeds":2,"minecraft:chorus_fruit":2,"minecraft:diamond":20,"minecraft:dripstone_block":3,"minecraft:cobblestone":83,"minecraft:spruce_button":1,"minecraft:dirt":132,"minecraft:diorite":18,"minecraft:brewing_stand":1,"minecraft:torch":1,"minecraft:oak_stairs":1,"minecraft:wooden_sword":1,"minecraft:sand":383,"minecraft:string":5,"minecraft:white_wool":1,"minecraft:dandelion":8,"minecraft:bone":1,"minecraft:gravel":9,"minecraft:sugar_cane":4,"minecraft:nether_wart":40,"minecraft:stone_sword":2,"minecraft:cobbled_deepslate":26,"minecraft:tuff":1,"minecraft:raw_iron":12,"minecraft:rotten_flesh":2,"minecraft:oak_planks":5,"minecraft:diamond_shovel":2,"minecraft:shulker_box":5,"minecraft:diamond_sword":1,"minecraft:shield":5,"minecraft:gunpowder":1,"minecraft:spruce_trapdoor":1,"minecraft:diamond_pickaxe":2,"minecraft:oak_sapling":13,"minecraft:spider_eye":1,"minecraft:arrow":1,"minecraft:stone_pickaxe":4},"minecraft:killed":{"minecraft:zombified_piglin":3,"minecraft:witch":1,"minecraft:spider":13,"minecraft:slime":4,"minecraft:phantom":1,"minecraft:horse":1,"minecraft:skeleton":4,"minecraft:chicken":1,"minecraft:piglin":1,"minecraft:pig":13,"minecraft:salmon":1,"minecraft:iron_golem":1,"minecraft:creeper":5,"minecraft:squid":2,"minecraft:sheep":25,"minecraft:pillager":1,"minecraft:zombie":21,"minecraft:wither_skeleton":2,"minecraft:enderman":12,"minecraft:blaze":3,"minecraft:cow":14},"minecraft:killed_by":{"minecraft:player":13,"minecraft:wither_skeleton":2,"minecraft:creeper":3,"minecraft:spider":2,"minecraft:enderman":3,"minecraft:shulker":2,"minecraft:skeleton":3},"minecraft:used":{"minecraft:stone_sword":194,"minecraft:flint_and_steel":39,"minecraft:stone_shovel":2,"minecraft:spruce_slab":1,"minecraft:oak_sign":3,"minecraft:diamond_hoe":15,"minecraft:chest":2,"minecraft:spruce_planks":11,"minecraft:shield":15,"minecraft:iron_sword":7,"minecraft:rotten_flesh":10,"minecraft:oak_door":1,"minecraft:torch":11,"minecraft:dirt":142,"minecraft:mutton":25,"minecraft:iron_axe":14,"minecraft:golden_carrot":18,"minecraft:beef":11,"minecraft:oak_sapling":2,"minecraft:furnace":1,"minecraft:cooked_beef":6,"minecraft:egg":4,"minecraft:potato":4,"minecraft:cobbled_deepslate":9,"minecraft:calcite":13,"minecraft:baked_potato":18,"minecraft:chorus_fruit":9,"minecraft:stone_pickaxe":742,"minecraft:oak_planks":1,"minecraft:ender_pearl":2,"minecraft:wooden_pickaxe":362,"minecraft:sand":4,"minecraft:crafting_table":15,"minecraft:white_bed":16,"minecraft:diamond_pickaxe":3781,"minecraft:apple":5,"minecraft:diamond_shovel":3455,"minecraft:bread":33,"minecraft:diamond_sword":269,"minecraft:wooden_sword":95,"minecraft:cobblestone":13,"minecraft:porkchop":11,"minecraft:cooked_porkchop":5,"minecraft:coarse_dirt":29},"minecraft:mined":{"minecraft:large_amethyst_bud":1,"minecraft:tuff":136,"minecraft:spruce_planks":25,"minecraft:white_bed":17,"minecraft:mossy_cobblestone":2,"minecraft:deepslate_diamond_ore":60,"minecraft:end_stone":100,"minecraft:brewing_stand":1,"minecraft:granite":3,"minecraft:glow_lichen":2,"minecraft:budding_amethyst":22,"minecraft:nether_bricks":6,"minecraft:grass_block":1714,"minecraft:soul_soil":18,"minecraft:spruce_leaves":1,"minecraft:oxeye_daisy":2,"minecraft:nether_wart":19,"minecraft:hay_block":11,"minecraft:tall_seagrass":6,"minecraft:magma_block":1,"minecraft:iron_ore":12,"minecraft:fire":11,"minecraft:cobbled_deepslate":3,"minecraft:andesite":62,"minecraft:deepslate_lapis_ore":13,"minecraft:azure_bluet":3,"minecraft:nether_brick_fence":1,"minecraft:dirt_path":5,"minecraft:rail":5,"minecraft:oak_stairs":13,"minecraft:chorus_plant":1,"minecraft:stone":999,"minecraft:bone_block":10,"minecraft:spruce_slab":2,"minecraft:deepslate_redstone_ore":18,"minecraft:soul_sand":3,"minecraft:amethyst_cluster":3,"minecraft:dandelion":13,"minecraft:oak_fence":1,"minecraft:cornflower":3,"minecraft:crafting_table":12,"minecraft:torch":2,"minecraft:short_grass":794,"minecraft:poppy":1,"minecraft:calcite":11,"minecraft:chest":1,"minecraft:white_stained_glass_pane":1,"minecraft:dead_bush":5,"minecraft:copper_ore":4,"minecraft:tall_grass":87,"minecraft:cobblestone":117,"minecraft:oak_planks":46,"minecraft:sugar_cane":3,"minecraft:diorite":52,"minecraft:wall_torch":2,"minecraft:amethyst_block":222,"minecraft:seagrass":6,"minecraft:white_terracotta":1,"minecraft:coarse_dirt":3,"minecraft:spruce_log":20,"minecraft:bee_nest":1,"minecraft:yellow_stained_glass_pane":1,"minecraft:coal_ore":69,"minecraft:oak_log":119,"minecraft:gravel":69,"minecraft:sand":663,"minecraft:dripstone_block":1,"minecraft:dirt":790,"minecraft:smooth_basalt":2,"minecraft:netherrack":14,"minecraft:deepslate":2642,"minecraft:oak_leaves":23},"minecraft:broken":{"minecraft:wooden_pickaxe":6,"minecraft:stone_pickaxe":3,"minecraft:diamond_shovel":1,"minecraft:diamond_pickaxe":2}},"DataVersion":3955}