{"stats":{"minecraft:killed":{"minecraft:spider":3,"minecraft:skeleton":5,"minecraft:piglin":3,"minecraft:pig":1,"minecraft:creeper":4,"minecraft:sheep":3,"minecraft:zombie":22,"minecraft:ghast":1,"minecraft:enderman":1,"minecraft:cow":1},"minecraft:mined":{"minecraft:nether_gold_ore":5,"minecraft:white_bed":2,"minecraft:end_stone":2,"minecraft:grass_block":3,"minecraft:spruce_leaves":1,"minecraft:hay_block":9,"minecraft:iron_ore":20,"minecraft:fire":7,"minecraft:andesite":11,"minecraft:potatoes":111,"minecraft:iron_bars":4,"minecraft:stone":710,"minecraft:red_wool":1,"minecraft:infested_stone_bricks":1,"minecraft:powder_snow":21,"minecraft:torch":4,"minecraft:short_grass":13,"minecraft:lectern":19,"minecraft:nether_quartz_ore":70,"minecraft:cobblestone":58,"minecraft:sugar_cane":3,"minecraft:diorite":6,"minecraft:wall_torch":5,"minecraft:seagrass":1,"minecraft:white_carpet":1,"minecraft:spruce_log":44,"minecraft:birch_leaves":1,"minecraft:oak_log":265,"minecraft:coal_ore":55,"minecraft:sand":118,"minecraft:dirt":5,"minecraft:cracked_stone_bricks":1,"minecraft:deepslate":30,"minecraft:stone_bricks":3,"minecraft:netherrack":45,"minecraft:oak_leaves":181},"minecraft:broken":{"minecraft:iron_pickaxe":1},"minecraft:custom":{"minecraft:mob_kills":46,"minecraft:inspect_hopper":7,"minecraft:interact_with_crafting_table":15,"minecraft:open_shulker_box":23,"minecraft:leave_game":3,"minecraft:time_since_death":4878,"minecraft:climb_one_cm":3388,"minecraft:sprint_one_cm":307653,"minecraft:walk_one_cm":464658,"minecraft:damage_blocked_by_shield":1318,"minecraft:drop":61,"minecraft:talked_to_villager":87,"minecraft:play_time":210569,"minecraft:deaths":8,"minecraft:sneak_time":26540,"minecraft:walk_under_water_one_cm":27781,"minecraft:jump":4119,"minecraft:walk_on_water_one_cm":17463,"minecraft:total_world_time":210569,"minecraft:interact_with_furnace":84,"minecraft:traded_with_villager":47,"minecraft:sleep_in_bed":3,"minecraft:time_since_rest":4908,"minecraft:damage_taken":5559,"minecraft:damage_dealt":9726,"minecraft:swim_one_cm":68447,"minecraft:fly_one_cm":759387,"minecraft:open_chest":167,"minecraft:crouch_one_cm":111286,"minecraft:fall_one_cm":108391},"minecraft:used":{"minecraft:shield":21,"minecraft:iron_sword":99,"minecraft:cooked_chicken":1,"minecraft:rotten_flesh":9,"minecraft:torch":75,"minecraft:dirt":83,"minecraft:mutton":4,"minecraft:white_carpet":1,"minecraft:lava_bucket":2,"minecraft:red_wool":1,"minecraft:iron_axe":96,"minecraft:beef":1,"minecraft:furnace":2,"minecraft:egg":1,"minecraft:potato":184,"minecraft:cooked_beef":1,"minecraft:cobbled_deepslate":3,"minecraft:water_bucket":6,"minecraft:diorite":1,"minecraft:diamond_boots":1,"minecraft:stone_pickaxe":74,"minecraft:baked_potato":53,"minecraft:oak_planks":5,"minecraft:ender_pearl":1,"minecraft:diamond_axe":322,"minecraft:leather_boots":1,"minecraft:oak_leaves":132,"minecraft:oak_slab":1,"minecraft:white_bed":2,"minecraft:spruce_log":4,"minecraft:shears":170,"minecraft:oak_log":4,"minecraft:diamond_pickaxe":715,"minecraft:apple":1,"minecraft:firework_rocket":9,"minecraft:diamond_shovel":117,"minecraft:bread":2,"minecraft:iron_pickaxe":251,"minecraft:lectern":20,"minecraft:stone_axe":71,"minecraft:cobblestone":952,"minecraft:cobbled_deepslate_slab":6,"minecraft:porkchop":1,"minecraft:andesite":2,"minecraft:bucket":6,"minecraft:diamond_leggings":1},"minecraft:picked_up":{"minecraft:seagrass":3,"minecraft:iron_chestplate":1,"minecraft:splash_potion":3,"minecraft:chicken":1,"minecraft:yellow_wool":3,"minecraft:diamond_sword":1,"minecraft:wooden_pickaxe":1,"minecraft:gold_block":2,"minecraft:shield":4,"minecraft:string":4,"minecraft:raw_copper":31,"minecraft:white_carpet":129,"minecraft:iron_shovel":2,"minecraft:diamond_leggings":2,"minecraft:gold_nugget":17,"minecraft:cobbled_deepslate":33,"minecraft:bucket":5,"minecraft:beef":2,"minecraft:lectern":22,"minecraft:sugar_cane":12,"minecraft:diamond_hoe":1,"minecraft:furnace":1,"minecraft:egg":3,"minecraft:stick":19,"minecraft:raw_iron":20,"minecraft:sandstone":2,"minecraft:end_stone":9,"minecraft:torch":57,"minecraft:porkchop":1,"minecraft:golden_axe":1,"minecraft:diorite":20,"minecraft:carrot":1,"minecraft:golden_chestplate":1,"minecraft:arrow":6,"minecraft:rotten_flesh":58,"minecraft:diamond_chestplate":2,"minecraft:shears":2,"minecraft:diamond_boots":2,"minecraft:hay_block":18,"minecraft:gold_ingot":19,"minecraft:blaze_rod":2,"minecraft:mutton":4,"minecraft:rail":4,"minecraft:white_wool":65,"minecraft:cobblestone":1047,"minecraft:leather_chestplate":2,"minecraft:water_bucket":2,"minecraft:andesite":11,"minecraft:brown_wool":3,"minecraft:leather":1,"minecraft:potato":771,"minecraft:flint":1,"minecraft:oak_log":263,"minecraft:gunpowder":7,"minecraft:lapis_lazuli":64,"minecraft:dirt":42,"minecraft:leather_boots":4,"minecraft:bone":21,"minecraft:apple":1,"minecraft:bow":2,"minecraft:wheat_seeds":4,"minecraft:cobbled_deepslate_slab":10,"minecraft:diamond_helmet":3,"minecraft:glass_bottle":2,"minecraft:iron_sword":5,"minecraft:oak_planks":117,"minecraft:honeycomb":5,"minecraft:book":41,"minecraft:ghast_tear":1,"minecraft:oak_slab":8,"minecraft:red_wool":4,"minecraft:quartz":64,"minecraft:poisonous_potato":3,"minecraft:gravel":12,"minecraft:lava_bucket":2,"minecraft:sand":131,"minecraft:white_bed":2,"minecraft:spruce_log":43,"minecraft:fermented_spider_eye":1,"minecraft:spider_eye":1,"minecraft:orange_wool":3,"minecraft:firework_rocket":55,"minecraft:diamond_shovel":1,"minecraft:diamond":2,"minecraft:diamond_axe":2,"minecraft:gray_wool":4,"minecraft:bread":14,"minecraft:baked_potato":92,"minecraft:oak_sapling":11,"minecraft:netherrack":23,"minecraft:black_wool":3,"minecraft:coal":55,"minecraft:oak_leaves":204,"minecraft:diamond_pickaxe":6},"minecraft:killed_by":{"minecraft:player":1,"minecraft:creeper":1,"minecraft:enderman":2,"minecraft:zombie":1},"minecraft:dropped":{"minecraft:iron_ingot":10,"minecraft:bread":6,"minecraft:iron_sword":1,"minecraft:oak_slab":4,"minecraft:wheat_seeds":3,"minecraft:diamond_axe":1,"minecraft:oak_log":103,"minecraft:baked_potato":19,"minecraft:glass_bottle":2,"minecraft:diamond":1,"minecraft:diamond_leggings":1,"minecraft:golden_axe":1,"minecraft:cobblestone":256,"minecraft:honeycomb":1,"minecraft:coal":18,"minecraft:golden_apple":1,"minecraft:gold_block":1,"minecraft:dirt":1,"minecraft:diamond_helmet":1,"minecraft:gold_nugget":1,"minecraft:sand":128,"minecraft:string":1,"minecraft:fermented_spider_eye":1,"minecraft:gold_ingot":17,"minecraft:gravel":12,"minecraft:stone_axe":1,"minecraft:golden_chestplate":1,"minecraft:blaze_rod":2,"minecraft:raw_copper":3,"minecraft:diamond_hoe":1,"minecraft:chicken":1,"minecraft:rotten_flesh":19,"minecraft:oak_planks":117,"minecraft:diamond_shovel":1,"minecraft:carrot":1,"minecraft:diamond_sword":1,"minecraft:potato":4,"minecraft:shield":1,"minecraft:gunpowder":4,"minecraft:diamond_chestplate":1,"minecraft:diamond_pickaxe":1,"minecraft:oak_sapling":4,"minecraft:spider_eye":1,"minecraft:diamond_boots":1,"minecraft:spruce_log":39,"minecraft:splash_potion":3,"minecraft:netherrack":21},"minecraft:crafted":{"minecraft:oak_planks":624,"minecraft:furnace":2,"minecraft:diamond_shovel":1,"minecraft:white_carpet":96,"minecraft:glass":19,"minecraft:iron_axe":1,"minecraft:stone_pickaxe":1,"minecraft:cooked_beef":1,"minecraft:emerald":46,"minecraft:baked_potato":110,"minecraft:iron_sword":1,"minecraft:stone_axe":1,"minecraft:enchanted_book":1,"minecraft:air":0,"minecraft:golden_apple":1,"minecraft:diamond_pickaxe":1,"minecraft:shield":1,"minecraft:stick":1040,"minecraft:iron_ingot":21,"minecraft:iron_pickaxe":1,"minecraft:gold_ingot":9,"minecraft:torch":68,"minecraft:shears":1}},"DataVersion":3955}