{"stats":{"minecraft:dropped":{"minecraft:ancient_debris":1,"minecraft:cobbled_deepslate":128,"minecraft:oxeye_daisy":2,"minecraft:melon_slice":7,"minecraft:golden_leggings":1,"minecraft:dark_oak_planks":1,"minecraft:quartz":64,"minecraft:netherrack":601},"minecraft:custom":{"minecraft:mob_kills":2,"minecraft:interact_with_crafting_table":3,"minecraft:leave_game":4,"minecraft:time_since_death":9807,"minecraft:time_since_rest":9841,"minecraft:sprint_one_cm":86412,"minecraft:damage_taken":859,"minecraft:walk_one_cm":130369,"minecraft:damage_blocked_by_shield":405,"minecraft:drop":21,"minecraft:damage_dealt":363,"minecraft:swim_one_cm":42244,"minecraft:talked_to_villager":1,"minecraft:fly_one_cm":62038,"minecraft:open_chest":9,"minecraft:crouch_one_cm":3794,"minecraft:play_time":43337,"minecraft:deaths":1,"minecraft:sneak_time":1683,"minecraft:walk_under_water_one_cm":4980,"minecraft:jump":573,"minecraft:walk_on_water_one_cm":5584,"minecraft:total_world_time":43337,"minecraft:fall_one_cm":16561},"minecraft:picked_up":{"minecraft:magma_block":2,"minecraft:golden_leggings":2,"minecraft:diamond_sword":2,"minecraft:wooden_pickaxe":1,"minecraft:tuff":26,"minecraft:oak_log":2,"minecraft:ancient_debris":1,"minecraft:shield":2,"minecraft:string":4,"minecraft:bone":4,"minecraft:blackstone":26,"minecraft:diamond_leggings":2,"minecraft:cobbled_deepslate":130,"minecraft:gold_nugget":57,"minecraft:diamond_helmet":2,"minecraft:melon_slice":13,"minecraft:oak_planks":8,"minecraft:stick":14,"minecraft:torch":2,"minecraft:quartz":215,"minecraft:white_bed":4,"minecraft:dark_oak_planks":3,"minecraft:diamond_shovel":2,"minecraft:diamond_chestplate":2,"minecraft:diamond":8,"minecraft:diamond_boots":2,"minecraft:crossbow":2,"minecraft:diamond_axe":2,"minecraft:baked_potato":5,"minecraft:netherrack":2114,"minecraft:coal":4,"minecraft:diamond_pickaxe":2,"minecraft:cobblestone":2,"minecraft:oxeye_daisy":2},"minecraft:crafted":{"minecraft:crafting_table":1,"minecraft:wooden_pickaxe":1,"minecraft:diamond_pickaxe":1,"minecraft:stick":16},"minecraft:used":{"minecraft:diamond_boots":1,"minecraft:oak_planks":1,"minecraft:baked_potato":5,"minecraft:shield":4,"minecraft:diamond_axe":3,"minecraft:netherrack":62,"minecraft:crafting_table":1,"minecraft:diamond_helmet":1,"minecraft:white_bed":3,"minecraft:oak_log":2,"minecraft:dark_oak_planks":1,"minecraft:diamond_pickaxe":1839,"minecraft:diamond_shovel":7,"minecraft:melon_slice":25,"minecraft:diamond_chestplate":1,"minecraft:diamond_sword":35,"minecraft:diamond_leggings":1},"minecraft:mined":{"minecraft:nether_gold_ore":8,"minecraft:tuff":13,"minecraft:blackstone":16,"minecraft:short_grass":2,"minecraft:grass_block":2,"minecraft:nether_quartz_ore":187,"minecraft:oak_planks":1,"minecraft:oxeye_daisy":1,"minecraft:fire":62,"minecraft:oak_log":1,"minecraft:dirt":2,"minecraft:netherrack":1464,"minecraft:ancient_debris":1,"minecraft:deepslate":129},"minecraft:broken":{"minecraft:diamond_pickaxe":1},"minecraft:killed":{"minecraft:piglin":2}},"DataVersion":3955}