{"stats":{"minecraft:crafted":{"minecraft:oak_planks":256,"minecraft:dark_oak_pressure_plate":2,"minecraft:cooked_chicken":2,"minecraft:blaze_powder":6,"minecraft:diamond_shovel":5,"minecraft:bookshelf":1,"minecraft:shulker_box":3,"minecraft:glass":84,"minecraft:quartz_block":119,"minecraft:hopper":1,"minecraft:diamond_helmet":4,"minecraft:bow":15,"minecraft:diamond_leggings":2,"minecraft:iron_boots":1,"minecraft:chest":29,"minecraft:oak_button":8,"minecraft:rail":32,"minecraft:golden_boots":1,"minecraft:glass_bottle":6,"minecraft:oak_slab":6,"minecraft:emerald":123,"minecraft:diamond_axe":2,"minecraft:crafting_table":11,"minecraft:spruce_planks":5024,"minecraft:baked_potato":275,"minecraft:wooden_pickaxe":1,"minecraft:iron_helmet":1,"minecraft:dispenser":12,"minecraft:spruce_trapdoor":1018,"minecraft:lectern":1,"minecraft:paper":192,"minecraft:iron_chestplate":1,"minecraft:wooden_hoe":1,"minecraft:diamond_pickaxe":3,"minecraft:shield":10,"minecraft:stick":4616,"minecraft:iron_ingot":21,"minecraft:iron_pickaxe":3,"minecraft:stone_sword":1,"minecraft:gold_ingot":150,"minecraft:redstone_torch":13,"minecraft:netherite_ingot":3,"minecraft:composter":1,"minecraft:shears":1,"minecraft:cobbled_deepslate_slab":1128,"minecraft:tripwire_hook":2,"minecraft:leather_boots":1,"minecraft:diamond_hoe":1,"minecraft:furnace":4,"minecraft:dark_oak_trapdoor":4,"minecraft:bone_meal":387,"minecraft:spruce_slab":12,"minecraft:iron_hoe":1,"minecraft:stone_pickaxe":1,"minecraft:diamond_boots":3,"minecraft:spruce_boat":2,"minecraft:netherite_scrap":6,"minecraft:dark_oak_planks":396,"minecraft:minecart":1,"minecraft:cooked_beef":8,"minecraft:sugar":10,"minecraft:diamond_sword":2,"minecraft:powered_rail":12,"minecraft:bucket":2,"minecraft:air":0,"minecraft:jungle_planks":860,"minecraft:oak_boat":3,"minecraft:white_wool":320,"minecraft:golden_apple":2,"minecraft:fermented_spider_eye":4,"minecraft:wooden_axe":2,"minecraft:white_bed":36,"minecraft:torch":12,"minecraft:diamond_chestplate":3,"minecraft:firework_rocket":351},"minecraft:broken":{"minecraft:diamond_shovel":1,"minecraft:wooden_axe":1,"minecraft:shield":5,"minecraft:iron_pickaxe":1},"minecraft:killed":{"minecraft:zombified_piglin":4,"minecraft:spider":38,"minecraft:shulker":14,"minecraft:skeleton":60,"minecraft:chicken":5,"minecraft:silverfish":2,"minecraft:piglin_brute":3,"minecraft:magma_cube":12,"minecraft:piglin":21,"minecraft:zombie_villager":1,"minecraft:iron_golem":1,"minecraft:creeper":22,"minecraft:sheep":9,"minecraft:zombie":146,"minecraft:ghast":5,"minecraft:blaze":17,"minecraft:cow":7,"minecraft:bogged":18,"minecraft:slime":18,"minecraft:phantom":21,"minecraft:horse":3,"minecraft:drowned":2,"minecraft:husk":26,"minecraft:rabbit":2,"minecraft:bat":1,"minecraft:hoglin":1,"minecraft:breeze":2,"minecraft:wither_skeleton":21,"minecraft:enderman":38},"minecraft:mined":{"minecraft:dark_oak_planks":35,"minecraft:dragon_wall_head":1,"minecraft:spruce_planks":22,"minecraft:white_bed":9,"minecraft:oak_sapling":1,"minecraft:farmland":6,"minecraft:cobblestone_stairs":4,"minecraft:jungle_leaves":14,"minecraft:brewing_stand":1,"minecraft:obsidian":3,"minecraft:spruce_trapdoor":3,"minecraft:granite":34,"minecraft:budding_amethyst":31,"minecraft:grass_block":1406,"minecraft:jungle_log":322,"minecraft:soul_soil":9,"minecraft:composter":1,"minecraft:crimson_fungus":1,"minecraft:oxeye_daisy":6,"minecraft:tuff_bricks":6,"minecraft:spawner":1,"minecraft:magma_block":46,"minecraft:glowstone":5,"minecraft:dark_oak_trapdoor":2,"minecraft:iron_ore":42,"minecraft:cobbled_deepslate":7,"minecraft:fire":121,"minecraft:polished_tuff":11,"minecraft:pumpkin":39,"minecraft:deepslate_lapis_ore":5,"minecraft:azure_bluet":1,"minecraft:dirt_path":76,"minecraft:iron_bars":1,"minecraft:end_stone_bricks":7,"minecraft:tripwire":3,"minecraft:deepslate_redstone_ore":5,"minecraft:brown_mushroom":48,"minecraft:blackstone":12,"minecraft:kelp_plant":2,"minecraft:crimson_nylium":2,"minecraft:soul_fire":2,"minecraft:amethyst_cluster":1,"minecraft:purpur_stairs":1,"minecraft:torch":9,"minecraft:calcite":333,"minecraft:poppy":2,"minecraft:melon":10,"minecraft:chest":4,"minecraft:dead_bush":3,"minecraft:nether_quartz_ore":262,"minecraft:glass":6,"minecraft:cobblestone":115,"minecraft:sugar_cane":233,"minecraft:oak_planks":150,"minecraft:iron_door":1,"minecraft:wall_torch":2,"minecraft:amethyst_block":191,"minecraft:nether_wart_block":1,"minecraft:waxed_copper_block":7,"minecraft:purpur_block":5,"minecraft:stone_brick_stairs":1,"minecraft:smooth_stone_slab":1,"minecraft:oak_log":177,"minecraft:sand":2804,"minecraft:dirt":708,"minecraft:smooth_basalt":25,"minecraft:dispenser":3,"minecraft:ancient_debris":12,"minecraft:netherrack":2007,"minecraft:oak_leaves":52,"minecraft:deepslate":644,"minecraft:nether_gold_ore":195,"minecraft:tuff":135,"minecraft:dark_oak_leaves":4,"minecraft:deepslate_diamond_ore":103,"minecraft:oak_door":1,"minecraft:dark_oak_log":99,"minecraft:end_stone":22,"minecraft:shulker_box":1,"minecraft:nether_bricks":8,"minecraft:cobbled_deepslate_slab":4,"minecraft:decorated_pot":21,"minecraft:crimson_roots":1,"minecraft:orange_shulker_box":10,"minecraft:spruce_leaves":242,"minecraft:red_mushroom":8,"minecraft:kelp":1,"minecraft:sandstone":18,"minecraft:large_fern":5,"minecraft:hay_block":53,"minecraft:redstone_ore":5,"minecraft:spruce_sapling":1,"minecraft:furnace":6,"minecraft:snow":23,"minecraft:andesite":75,"minecraft:gold_block":4,"minecraft:bell":1,"minecraft:bookshelf":133,"minecraft:potatoes":264,"minecraft:deepslate_iron_ore":2,"minecraft:vine":39,"minecraft:chorus_plant":9,"minecraft:bamboo":1,"minecraft:stone":1249,"minecraft:bone_block":52,"minecraft:white_wool":1,"minecraft:glass_pane":9,"minecraft:infested_stone_bricks":1,"minecraft:basalt":1,"minecraft:dandelion":14,"minecraft:oak_fence":1,"minecraft:crafting_table":21,"minecraft:cornflower":2,"minecraft:short_grass":445,"minecraft:emerald_ore":1,"minecraft:copper_ore":11,"minecraft:purpur_pillar":13,"minecraft:tall_grass":70,"minecraft:deepslate_gold_ore":6,"minecraft:lapis_ore":1,"minecraft:diorite":87,"minecraft:waxed_oxidized_copper_grate":2,"minecraft:spruce_log":1357,"minecraft:birch_leaves":1,"minecraft:yellow_bed":5,"minecraft:coal_ore":197,"minecraft:end_rod":2,"minecraft:gravel":68,"minecraft:cobweb":7,"minecraft:oak_button":1,"minecraft:stone_bricks":6,"minecraft:mossy_stone_bricks":4,"minecraft:gold_ore":16,"minecraft:fern":7,"minecraft:black_shulker_box":2},"minecraft:dropped":{"minecraft:iron_sword":3,"minecraft:brown_mushroom":1,"minecraft:diamond_axe":5,"minecraft:ominous_bottle":1,"minecraft:oak_log":74,"minecraft:baked_potato":4,"minecraft:diamond":38,"minecraft:crafting_table":1,"minecraft:ender_pearl":2,"minecraft:glass_bottle":7,"minecraft:crossbow":1,"minecraft:leather":5,"minecraft:honeycomb":3,"minecraft:rail":32,"minecraft:emerald":62,"minecraft:flint":10,"minecraft:dirt":120,"minecraft:gold_nugget":48,"minecraft:wooden_sword":2,"minecraft:bone_meal":145,"minecraft:iron_pickaxe":2,"minecraft:gold_ingot":16,"minecraft:bone":9,"minecraft:cherry_boat":1,"minecraft:gravel":24,"minecraft:ancient_debris":4,"minecraft:cooked_chicken":1,"minecraft:golden_chestplate":1,"minecraft:cobbled_deepslate":3,"minecraft:obsidian":1,"minecraft:rotten_flesh":22,"minecraft:oak_planks":132,"minecraft:diamond_shovel":5,"minecraft:waxed_copper_block":6,"minecraft:shulker_shell":1,"minecraft:leather_chestplate":1,"minecraft:tipped_arrow":17,"minecraft:gunpowder":129,"minecraft:quartz_block":64,"minecraft:jungle_log":32,"minecraft:hopper":1,"minecraft:leather_boots":3,"minecraft:leather_leggings":1,"minecraft:arrow":41,"minecraft:powered_rail":6,"minecraft:glass":66,"minecraft:netherrack":19,"minecraft:splash_potion":6,"minecraft:quartz":2,"minecraft:enchanted_book":7,"minecraft:egg":1,"minecraft:lectern":1,"minecraft:water_bucket":5,"minecraft:golden_boots":2,"minecraft:orange_shulker_box":4,"minecraft:netherite_pickaxe":1,"minecraft:wheat_seeds":18,"minecraft:tnt":38,"minecraft:smithing_table":1,"minecraft:minecart":2,"minecraft:feather":2,"minecraft:cobblestone":276,"minecraft:poisonous_potato":1,"minecraft:oak_fence":1,"minecraft:golden_axe":2,"minecraft:iron_helmet":1,"minecraft:apple":4,"minecraft:polished_tuff":6,"minecraft:amethyst_block":12,"minecraft:granite":13,"minecraft:golden_apple":2,"minecraft:stick":16,"minecraft:gray_wool":1,"minecraft:diorite":22,"minecraft:golden_carrot":4,"minecraft:wooden_hoe":1,"minecraft:torch":2,"minecraft:iron_leggings":1,"minecraft:iron_axe":2,"minecraft:string":207,"minecraft:bucket":6,"minecraft:smooth_basalt":6,"minecraft:redstone":37,"minecraft:tuff_bricks":6,"minecraft:oak_trapdoor":1,"minecraft:stone_sword":6,"minecraft:blaze_rod":9,"minecraft:tuff":34,"minecraft:composter":4,"minecraft:raw_iron":5,"minecraft:iron_boots":1,"minecraft:nether_bricks":1,"minecraft:shulker_box":1,"minecraft:diamond_sword":2,"minecraft:spruce_boat":2,"minecraft:shield":4,"minecraft:trial_key":3,"minecraft:diamond_chestplate":2,"minecraft:spruce_trapdoor":76,"minecraft:spruce_planks":64,"minecraft:diamond_pickaxe":2,"minecraft:iron_chestplate":2,"minecraft:andesite":32,"minecraft:yellow_bed":1,"minecraft:golden_leggings":1,"minecraft:spider_eye":3,"minecraft:spruce_log":32,"minecraft:bow":5,"minecraft:calcite":3,"minecraft:brick":4},"minecraft:custom":{"minecraft:interact_with_crafting_table":170,"minecraft:open_barrel":12,"minecraft:open_shulker_box":121,"minecraft:bell_ring":15,"minecraft:leave_game":16,"minecraft:time_since_death":70922,"minecraft:sprint_one_cm":3795819,"minecraft:damage_blocked_by_shield":26471,"minecraft:drop":309,"minecraft:talked_to_villager":58,"minecraft:play_time":1599447,"minecraft:deaths":40,"minecraft:jump":20768,"minecraft:interact_with_brewingstand":24,"minecraft:walk_on_water_one_cm":238580,"minecraft:interact_with_furnace":205,"minecraft:traded_with_villager":123,"minecraft:sleep_in_bed":6,"minecraft:damage_dealt":107513,"minecraft:player_kills":13,"minecraft:crouch_one_cm":305338,"minecraft:use_cauldron":2,"minecraft:inspect_dispenser":3,"minecraft:horse_one_cm":494670,"minecraft:interact_with_smithing_table":1,"minecraft:mob_kills":529,"minecraft:interact_with_anvil":11,"minecraft:inspect_hopper":6,"minecraft:climb_one_cm":44207,"minecraft:walk_one_cm":4932595,"minecraft:sneak_time":101990,"minecraft:walk_under_water_one_cm":136525,"minecraft:boat_one_cm":656845,"minecraft:interact_with_blast_furnace":5,"minecraft:total_world_time":1599447,"minecraft:interact_with_grindstone":1,"minecraft:time_since_rest":70956,"minecraft:damage_taken":34558,"minecraft:damage_absorbed":160,"minecraft:swim_one_cm":119067,"minecraft:fly_one_cm":4581077,"minecraft:open_chest":740,"minecraft:aviate_one_cm":3122123,"minecraft:fall_one_cm":452434},"minecraft:used":{"minecraft:tuff_bricks":2,"minecraft:dispenser":14,"minecraft:diamond_hoe":244,"minecraft:elytra":4,"minecraft:decorated_pot":13,"minecraft:chest":29,"minecraft:shield":463,"minecraft:iron_sword":19,"minecraft:bell":1,"minecraft:rotten_flesh":53,"minecraft:iron_chestplate":2,"minecraft:snowball":16,"minecraft:honey_bottle":4,"minecraft:spruce_boat":1,"minecraft:jungle_sapling":9,"minecraft:glass":198,"minecraft:lava_bucket":63,"minecraft:waxed_oxidized_copper_grate":1,"minecraft:orange_shulker_box":5,"minecraft:deepslate_diamond_ore":2,"minecraft:oak_sapling":10,"minecraft:furnace":7,"minecraft:potato":353,"minecraft:diamond_boots":1,"minecraft:chorus_fruit":20,"minecraft:stone_pickaxe":85,"minecraft:oak_planks":53,"minecraft:ender_pearl":15,"minecraft:wooden_pickaxe":3,"minecraft:composter":1,"minecraft:sugar_cane":12,"minecraft:diamond_axe":2835,"minecraft:purpur_pillar":4,"minecraft:golden_apple":4,"minecraft:white_wool":8,"minecraft:dark_oak_trapdoor":4,"minecraft:sand":5,"minecraft:crossbow":13,"minecraft:shears":6,"minecraft:firework_rocket":127,"minecraft:bread":10,"minecraft:string":13,"minecraft:diamond_sword":2042,"minecraft:fire_charge":2,"minecraft:oak_boat":7,"minecraft:bone_meal":195,"minecraft:cherry_boat":1,"minecraft:stone_sword":31,"minecraft:spruce_planks":22,"minecraft:netherrack":163,"minecraft:cooked_chicken":5,"minecraft:trial_key":7,"minecraft:torch":16,"minecraft:brewing_stand":2,"minecraft:anvil":1,"minecraft:dirt":875,"minecraft:white_carpet":2,"minecraft:diamond_helmet":3,"minecraft:shulker_box":3,"minecraft:iron_hoe":159,"minecraft:wooden_axe":56,"minecraft:dark_oak_planks":62,"minecraft:bamboo_raft":6,"minecraft:jungle_log":5,"minecraft:diamond_chestplate":8,"minecraft:tripwire_hook":2,"minecraft:golden_carrot":103,"minecraft:netherite_pickaxe":1730,"minecraft:cooked_beef":10,"minecraft:cobbled_deepslate":145,"minecraft:golden_axe":19,"minecraft:cooked_mutton":3,"minecraft:water_bucket":205,"minecraft:amethyst_block":2,"minecraft:glass_bottle":8,"minecraft:baked_potato":271,"minecraft:black_shulker_box":2,"minecraft:waxed_copper_block":1,"minecraft:crafting_table":26,"minecraft:white_bed":18,"minecraft:spruce_log":2,"minecraft:diamond_pickaxe":3933,"minecraft:diamond_shovel":5107,"minecraft:wind_charge":7,"minecraft:chicken":1,"minecraft:oak_button":3,"minecraft:iron_pickaxe":491,"minecraft:spruce_trapdoor":548,"minecraft:spruce_sapling":5,"minecraft:stone_axe":2,"minecraft:cobblestone":714,"minecraft:potion":2,"minecraft:cobbled_deepslate_slab":312,"minecraft:bucket":276,"minecraft:yellow_bed":4,"minecraft:diamond_leggings":2},"minecraft:picked_up":{"minecraft:shulker_shell":7,"minecraft:iron_chestplate":5,"minecraft:chainmail_boots":1,"minecraft:anvil":1,"minecraft:smithing_table":2,"minecraft:diamond_sword":24,"minecraft:enchanted_book":11,"minecraft:potion":3,"minecraft:brewing_stand":2,"minecraft:amethyst_block":277,"minecraft:raw_copper":53,"minecraft:dark_oak_trapdoor":2,"minecraft:string":5715,"minecraft:soul_soil":51,"minecraft:smooth_stone_slab":3,"minecraft:iron_leggings":1,"minecraft:cherry_boat":2,"minecraft:diamond_leggings":24,"minecraft:gold_nugget":1050,"minecraft:black_shulker_box":2,"minecraft:cobbled_deepslate":1701,"minecraft:bucket":4,"minecraft:spruce_planks":71,"minecraft:trial_key":10,"minecraft:calcite":529,"minecraft:netherite_upgrade_smithing_template":1,"minecraft:iron_pickaxe":6,"minecraft:melon_slice":51,"minecraft:furnace":7,"minecraft:iron_boots":1,"minecraft:tipped_arrow":18,"minecraft:stick":119,"minecraft:orange_shulker_box":11,"minecraft:composter":3,"minecraft:oak_fence":1,"minecraft:torch":48,"minecraft:purpur_pillar":14,"minecraft:golden_axe":1,"minecraft:diorite":216,"minecraft:golden_chestplate":3,"minecraft:stone_sword":13,"minecraft:cactus":3,"minecraft:honey_bottle":2,"minecraft:rotten_flesh":181,"minecraft:end_rod":2,"minecraft:blaze_rod":48,"minecraft:obsidian":4,"minecraft:iron_bars":6,"minecraft:snowball":32,"minecraft:blaze_powder":4,"minecraft:cobblestone":3300,"minecraft:pink_petals":8,"minecraft:magma_block":34,"minecraft:leather_chestplate":1,"minecraft:feather":9,"minecraft:cooked_beef":7,"minecraft:magma_cream":6,"minecraft:water_bucket":15,"minecraft:iron_door":1,"minecraft:andesite":117,"minecraft:jungle_log":320,"minecraft:golden_leggings":1,"minecraft:potato":933,"minecraft:flint":34,"minecraft:tuff":403,"minecraft:lapis_lazuli":195,"minecraft:dirt":3821,"minecraft:leather_boots":4,"minecraft:bone":108,"minecraft:glass":60,"minecraft:bow":9,"minecraft:wheat_seeds":135,"minecraft:raw_gold":21,"minecraft:cobbled_deepslate_slab":45,"minecraft:bell":1,"minecraft:diamond_helmet":25,"minecraft:mossy_stone_bricks":4,"minecraft:rabbit":1,"minecraft:glowstone_dust":19,"minecraft:powered_rail":2,"minecraft:scrape_pottery_sherd":2,"minecraft:oak_planks":391,"minecraft:honeycomb":6,"minecraft:poisonous_potato":5,"minecraft:sand":2866,"minecraft:jungle_planks":46,"minecraft:bamboo_raft":15,"minecraft:dark_oak_log":57,"minecraft:mossy_cobblestone":2,"minecraft:shulker_box":1,"minecraft:dispenser":2,"minecraft:diamond":321,"minecraft:deepslate":24,"minecraft:spruce_boat":3,"minecraft:waxed_oxidized_copper_grate":3,"minecraft:granite":79,"minecraft:crossbow":4,"minecraft:breeze_rod":4,"minecraft:bone_meal":20,"minecraft:golden_apple":12,"minecraft:bread":6,"minecraft:emerald":39,"minecraft:oak_sapling":36,"minecraft:chorus_fruit":258,"minecraft:netherrack":1349,"minecraft:crimson_roots":18,"minecraft:diamond_pickaxe":26,"minecraft:end_stone_bricks":7,"minecraft:crafting_table":25,"minecraft:coarse_dirt":76,"minecraft:ominous_bottle":1,"minecraft:azure_bluet":1,"minecraft:splash_potion":2,"minecraft:chicken":5,"minecraft:leather_leggings":1,"minecraft:brown_mushroom":113,"minecraft:wooden_pickaxe":2,"minecraft:gold_block":4,"minecraft:dragon_head":1,"minecraft:purpur_block":7,"minecraft:shield":22,"minecraft:brick":42,"minecraft:wind_charge":26,"minecraft:cornflower":3,"minecraft:elytra":3,"minecraft:iron_axe":3,"minecraft:wooden_sword":2,"minecraft:flint_and_steel":3,"minecraft:white_carpet":2,"minecraft:iron_shovel":3,"minecraft:blackstone":20,"minecraft:deepslate_diamond_ore":2,"minecraft:beef":30,"minecraft:oak_boat":6,"minecraft:jungle_sapling":16,"minecraft:iron_nugget":42,"minecraft:poppy":8,"minecraft:minecart":1,"minecraft:chest":9,"minecraft:sugar_cane":689,"minecraft:spruce_trapdoor":5,"minecraft:phantom_membrane":11,"minecraft:diamond_hoe":2,"minecraft:egg":2,"minecraft:raw_iron":97,"minecraft:sandstone":28,"minecraft:end_stone":155,"minecraft:oak_door":1,"minecraft:copper_ingot":1,"minecraft:fire_charge":8,"minecraft:flow_pottery_sherd":4,"minecraft:carrot":5,"minecraft:redstone":128,"minecraft:netherite_pickaxe":1,"minecraft:music_disc_creator_music_box":3,"minecraft:dark_oak_planks":35,"minecraft:tnt":38,"minecraft:diamond_chestplate":25,"minecraft:arrow":125,"minecraft:decorated_pot":33,"minecraft:nether_bricks":1,"minecraft:diamond_boots":25,"minecraft:hay_block":102,"minecraft:saddle":1,"minecraft:gold_ingot":49,"minecraft:tuff_bricks":22,"minecraft:mutton":24,"minecraft:white_wool":93,"minecraft:rail":4,"minecraft:bone_block":160,"minecraft:oxeye_daisy":5,"minecraft:basalt":2,"minecraft:golden_carrot":436,"minecraft:salmon":1,"minecraft:leather":59,"minecraft:red_mushroom":32,"minecraft:crimson_fungus":3,"minecraft:purpur_stairs":1,"minecraft:oak_log":184,"minecraft:waxed_copper_block":13,"minecraft:ancient_debris":19,"minecraft:golden_boots":3,"minecraft:yellow_bed":6,"minecraft:gunpowder":38,"minecraft:cobblestone_stairs":8,"minecraft:cooked_mutton":1,"minecraft:apple":10,"minecraft:stone_bricks":6,"minecraft:kelp":3,"minecraft:iron_ingot":91,"minecraft:stone_pickaxe":2,"minecraft:cooked_chicken":2,"minecraft:glass_bottle":8,"minecraft:iron_sword":3,"minecraft:soul_sand":3,"minecraft:book":888,"minecraft:oak_slab":2,"minecraft:smooth_basalt":36,"minecraft:pumpkin":78,"minecraft:quartz":561,"minecraft:dandelion":23,"minecraft:gravel":96,"minecraft:lava_bucket":5,"minecraft:amethyst_shard":24,"minecraft:spruce_sapling":110,"minecraft:white_bed":22,"minecraft:spruce_log":1737,"minecraft:polished_tuff":18,"minecraft:spider_eye":11,"minecraft:firework_rocket":112,"minecraft:diamond_shovel":16,"minecraft:slime_ball":26,"minecraft:stone_axe":5,"minecraft:iron_helmet":1,"minecraft:diamond_axe":28,"minecraft:gray_wool":2,"minecraft:oak_button":2,"minecraft:baked_potato":79,"minecraft:coal":372,"minecraft:ender_pearl":61},"minecraft:killed_by":{"minecraft:zombified_piglin":2,"minecraft:piglin_brute":2,"minecraft:magma_cube":1,"minecraft:bogged":2,"minecraft:silverfish":2,"minecraft:blaze":3,"minecraft:zombie":1,"minecraft:husk":4,"minecraft:player":3,"minecraft:ender_dragon":5,"minecraft:shulker":1}},"DataVersion":3955}