{"stats":{"minecraft:mined":{"minecraft:dark_oak_planks":5,"minecraft:dragon_wall_head":2,"minecraft:white_bed":15,"minecraft:jungle_leaves":19,"minecraft:obsidian":10,"minecraft:granite":97,"minecraft:jungle_log":1,"minecraft:purpur_slab":2,"minecraft:chiseled_tuff_bricks":2,"minecraft:oxeye_daisy":1,"minecraft:nether_wart":13,"minecraft:tall_seagrass":2,"minecraft:polished_blackstone_bricks":17,"minecraft:weeping_vines_plant":1,"minecraft:fire":108,"minecraft:cobbled_deepslate":94,"minecraft:fletching_table":12,"minecraft:deepslate_lapis_ore":6,"minecraft:nether_brick_stairs":1,"minecraft:dirt_path":32,"minecraft:quartz_slab":121,"minecraft:spruce_pressure_plate":8,"minecraft:tripwire":2,"minecraft:kelp_plant":46,"minecraft:smoker":2,"minecraft:amethyst_cluster":2,"minecraft:torch":67,"minecraft:blast_furnace":3,"minecraft:melon":14,"minecraft:dead_bush":1,"minecraft:smooth_quartz_slab":11,"minecraft:glass":27,"minecraft:sugar_cane":35,"minecraft:amethyst_block":566,"minecraft:wheat":1,"minecraft:waxed_copper_block":2,"minecraft:loom":4,"minecraft:smooth_basalt":14,"minecraft:stonecutter":1,"minecraft:deepslate":761,"minecraft:mossy_cobblestone":5,"minecraft:shulker_box":19,"minecraft:end_stone":128,"minecraft:cobbled_deepslate_slab":54,"minecraft:crimson_roots":7,"minecraft:orange_shulker_box":34,"minecraft:redstone_wire":1,"minecraft:kelp":2,"minecraft:red_mushroom":3,"minecraft:waxed_copper_grate":1,"minecraft:andesite":238,"minecraft:potatoes":218,"minecraft:vine":1,"minecraft:cobblestone_slab":11,"minecraft:rail":305,"minecraft:smooth_quartz_stairs":3,"minecraft:bamboo":6,"minecraft:bone_block":54,"minecraft:smithing_table":6,"minecraft:glass_pane":3,"minecraft:soul_sand":20,"minecraft:observer":3,"minecraft:dandelion":3,"minecraft:short_grass":292,"minecraft:emerald_ore":3,"minecraft:purpur_pillar":2,"minecraft:tall_grass":15,"minecraft:copper_ore":18,"minecraft:deepslate_gold_ore":36,"minecraft:diorite":392,"minecraft:coarse_dirt":5,"minecraft:white_carpet":2,"minecraft:spruce_log":62,"minecraft:birch_leaves":7,"minecraft:gravel":239,"minecraft:dripstone_block":152,"minecraft:cobweb":1,"minecraft:stone_bricks":8,"minecraft:gold_ore":33,"minecraft:fern":8,"minecraft:black_shulker_box":30,"minecraft:spruce_planks":3,"minecraft:brewing_stand":5,"minecraft:spruce_trapdoor":18,"minecraft:budding_amethyst":15,"minecraft:grass_block":498,"minecraft:cracked_polished_blackstone_bricks":14,"minecraft:composter":12,"minecraft:tuff_bricks":41,"minecraft:glowstone":8,"minecraft:iron_ore":4,"minecraft:polished_tuff":2,"minecraft:anvil":3,"minecraft:azure_bluet":1,"minecraft:pointed_dripstone":53,"minecraft:iron_bars":1,"minecraft:end_stone_bricks":1,"minecraft:deepslate_redstone_ore":33,"minecraft:blackstone":21,"minecraft:chiseled_quartz_block":4,"minecraft:calcite":948,"minecraft:poppy":2,"minecraft:chest":7,"minecraft:mushroom_stem":6,"minecraft:nether_quartz_ore":587,"minecraft:cobblestone":814,"minecraft:oak_planks":2,"minecraft:iron_door":4,"minecraft:wall_torch":6,"minecraft:cauldron":1,"minecraft:pink_petals":3,"minecraft:seagrass":3,"minecraft:powered_rail":3,"minecraft:tnt":9,"minecraft:purpur_block":52,"minecraft:oak_log":30,"minecraft:sand":1553,"minecraft:dirt":833,"minecraft:dispenser":3,"minecraft:ancient_debris":38,"minecraft:netherrack":2699,"minecraft:oak_leaves":18,"minecraft:nether_gold_ore":226,"minecraft:tuff":68,"minecraft:quartz_stairs":78,"minecraft:dark_oak_leaves":5,"minecraft:deepslate_diamond_ore":164,"minecraft:ladder":9,"minecraft:decorated_pot":13,"minecraft:brown_mushroom_block":45,"minecraft:spruce_leaves":19,"minecraft:sandstone":6,"minecraft:crimson_stem":4,"minecraft:hay_block":64,"minecraft:furnace":6,"minecraft:gold_block":13,"minecraft:bookshelf":159,"minecraft:deepslate_iron_ore":3,"minecraft:chorus_plant":1,"minecraft:stone":4832,"minecraft:redstone_wall_torch":2,"minecraft:magenta_stained_glass":14,"minecraft:infested_stone_bricks":1,"minecraft:basalt":2,"minecraft:spruce_door":2,"minecraft:crafting_table":25,"minecraft:lectern":374,"minecraft:lapis_ore":11,"minecraft:waxed_oxidized_copper_grate":1,"minecraft:redstone_torch":1,"minecraft:yellow_bed":2,"minecraft:coal_ore":337,"minecraft:cocoa":2,"minecraft:cracked_stone_bricks":2,"minecraft:mossy_stone_bricks":1},"minecraft:crafted":{"minecraft:black_dye":3,"minecraft:smooth_stone":3,"minecraft:dark_oak_pressure_plate":4,"minecraft:blaze_powder":18,"minecraft:oak_pressure_plate":4,"minecraft:loom":3,"minecraft:lever":21,"minecraft:diamond_shovel":9,"minecraft:bookshelf":15,"minecraft:cooked_mutton":14,"minecraft:shulker_box":4,"minecraft:quartz_block":331,"minecraft:glass":463,"minecraft:diamond_helmet":10,"minecraft:repeater":26,"minecraft:diamond_leggings":10,"minecraft:chiseled_quartz_block":4,"minecraft:glass_bottle":6,"minecraft:emerald":232,"minecraft:smooth_quartz":67,"minecraft:diamond_axe":8,"minecraft:jungle_pressure_plate":4,"minecraft:spruce_door":3,"minecraft:fletching_table":7,"minecraft:campfire":9,"minecraft:lectern":13,"minecraft:stone_slab":6,"minecraft:iron_block":6,"minecraft:gold_ingot":378,"minecraft:netherite_ingot":8,"minecraft:composter":6,"minecraft:orange_shulker_box":4,"minecraft:diamond_hoe":3,"minecraft:bone_meal":146,"minecraft:tuff_slab":126,"minecraft:spruce_slab":60,"minecraft:stone_pickaxe":10,"minecraft:diamond_boots":10,"minecraft:quartz_slab":86,"minecraft:spruce_boat":2,"minecraft:wheat":270,"minecraft:netherite_pickaxe":1,"minecraft:dried_kelp":1,"minecraft:enchanted_book":9,"minecraft:orange_dye":6,"minecraft:jungle_slab":24,"minecraft:golden_apple":17,"minecraft:fermented_spider_eye":2,"minecraft:white_bed":158,"minecraft:grindstone":1,"minecraft:oak_planks":752,"minecraft:cobblestone_slab":78,"minecraft:stone":158,"minecraft:spruce_pressure_plate":6,"minecraft:hopper":15,"minecraft:comparator":1,"minecraft:chest":111,"minecraft:oak_button":1,"minecraft:netherite_upgrade_smithing_template":2,"minecraft:rail":48,"minecraft:ender_eye":4,"minecraft:golden_boots":1,"minecraft:quartz_stairs":24,"minecraft:oak_slab":36,"minecraft:item_frame":3,"minecraft:cauldron":24,"minecraft:crafting_table":10,"minecraft:spruce_planks":848,"minecraft:baked_potato":329,"minecraft:wooden_pickaxe":1,"minecraft:chainmail_chestplate":1,"minecraft:black_shulker_box":2,"minecraft:apple":64,"minecraft:tnt":183,"minecraft:spruce_trapdoor":42,"minecraft:iron_chestplate":1,"minecraft:paper":129,"minecraft:diamond_pickaxe":9,"minecraft:shield":10,"minecraft:stick":764,"minecraft:iron_ingot":31,"minecraft:redstone_torch":61,"minecraft:cobbled_deepslate_slab":542,"minecraft:furnace":8,"minecraft:blast_furnace":1,"minecraft:dark_oak_trapdoor":2,"minecraft:jungle_trapdoor":2,"minecraft:smooth_quartz_stairs":6,"minecraft:oak_trapdoor":6,"minecraft:flint_and_steel":6,"minecraft:iron_axe":19,"minecraft:smooth_quartz_slab":4,"minecraft:netherite_scrap":41,"minecraft:observer":10,"minecraft:minecart":2,"minecraft:sugar":3,"minecraft:crimson_planks":16,"minecraft:diamond_sword":6,"minecraft:spruce_sign":12,"minecraft:bell":2,"minecraft:bucket":59,"minecraft:stone_axe":1,"minecraft:bread":90,"minecraft:air":0,"minecraft:jungle_planks":192,"minecraft:oak_boat":1,"minecraft:white_wool":415,"minecraft:stonecutter":1,"minecraft:anvil":2,"minecraft:torch":32,"minecraft:diamond_chestplate":8,"minecraft:firework_rocket":252},"minecraft:broken":{"minecraft:diamond_pickaxe":2,"minecraft:shield":2,"minecraft:iron_axe":1,"minecraft:iron_pickaxe":1,"minecraft:iron_shovel":1,"minecraft:stone_pickaxe":1,"minecraft:diamond_boots":1,"minecraft:flint_and_steel":2,"minecraft:golden_axe":2},"minecraft:used":{"minecraft:tuff_bricks":33,"minecraft:smooth_quartz_slab":20,"minecraft:spruce_slab":1,"minecraft:dispenser":3,"minecraft:elytra":19,"minecraft:ladder":6,"minecraft:chest":54,"minecraft:quartz_stairs":107,"minecraft:rotten_flesh":30,"minecraft:soul_sand":40,"minecraft:spruce_boat":26,"minecraft:lava_bucket":87,"minecraft:orange_shulker_box":41,"minecraft:bow":307,"minecraft:furnace":11,"minecraft:egg":1,"minecraft:potato":270,"minecraft:diorite":53,"minecraft:spruce_door":2,"minecraft:powered_rail":8,"minecraft:blackstone":33,"minecraft:wooden_pickaxe":20,"minecraft:jungle_pressure_plate":4,"minecraft:composter":15,"minecraft:smooth_quartz_stairs":9,"minecraft:golden_apple":3,"minecraft:dark_oak_trapdoor":2,"minecraft:sand":5,"minecraft:blast_furnace":4,"minecraft:chiseled_quartz_block":4,"minecraft:lectern":384,"minecraft:oak_pressure_plate":4,"minecraft:diamond_sword":1579,"minecraft:fire_charge":2,"minecraft:smithing_table":6,"minecraft:oak_boat":8,"minecraft:oak_trapdoor":5,"minecraft:stone_sword":29,"minecraft:trial_key":8,"minecraft:netherrack":524,"minecraft:torch":118,"minecraft:brewing_stand":3,"minecraft:ancient_debris":2,"minecraft:anvil":4,"minecraft:jungle_trapdoor":2,"minecraft:iron_axe":265,"minecraft:smooth_basalt":7,"minecraft:diamond_chestplate":18,"minecraft:beef":9,"minecraft:cobbled_deepslate":434,"minecraft:observer":13,"minecraft:golden_axe":53,"minecraft:pointed_dripstone":22,"minecraft:calcite":136,"minecraft:wheat_seeds":43,"minecraft:water_bucket":94,"minecraft:cauldron":26,"minecraft:fletching_table":16,"minecraft:rail":338,"minecraft:comparator":1,"minecraft:tnt":196,"minecraft:crafting_table":35,"minecraft:white_bed":35,"minecraft:campfire":9,"minecraft:ender_eye":19,"minecraft:diamond_pickaxe":8888,"minecraft:diamond_shovel":3160,"minecraft:oak_button":1,"minecraft:iron_pickaxe":2767,"minecraft:spruce_pressure_plate":11,"minecraft:spruce_trapdoor":516,"minecraft:cobblestone":2476,"minecraft:potion":7,"minecraft:diamond_leggings":1,"minecraft:iron_shovel":250,"minecraft:shield":170,"minecraft:iron_sword":3,"minecraft:iron_chestplate":1,"minecraft:nether_bricks":5,"minecraft:tuff":31,"minecraft:obsidian":13,"minecraft:honey_bottle":4,"minecraft:glass":394,"minecraft:quartz_slab":370,"minecraft:stone_bricks":6,"minecraft:item_frame":4,"minecraft:repeater":26,"minecraft:diamond_boots":1,"minecraft:stone_pickaxe":183,"minecraft:oak_planks":5,"minecraft:ender_pearl":14,"minecraft:sandstone":2,"minecraft:diamond_axe":675,"minecraft:sugar_cane":66,"minecraft:loom":4,"minecraft:crossbow":26,"minecraft:dripstone_block":68,"minecraft:end_stone":136,"minecraft:redstone_torch":7,"minecraft:lever":17,"minecraft:firework_rocket":136,"minecraft:melon_slice":7,"minecraft:bread":62,"minecraft:string":3,"minecraft:deepslate":131,"minecraft:gravel":90,"minecraft:grindstone":1,"minecraft:andesite":157,"minecraft:air":1,"minecraft:coarse_dirt":15,"minecraft:bone_meal":167,"minecraft:cherry_boat":5,"minecraft:purpur_block":33,"minecraft:flint_and_steel":209,"minecraft:redstone":4,"minecraft:spruce_planks":77,"minecraft:cooked_chicken":1,"minecraft:dirt":1133,"minecraft:hopper":16,"minecraft:shulker_box":17,"minecraft:granite":70,"minecraft:dark_oak_planks":3,"minecraft:golden_carrot":98,"minecraft:soul_soil":16,"minecraft:dark_oak_pressure_plate":4,"minecraft:netherite_pickaxe":2678,"minecraft:minecart":25,"minecraft:cooked_mutton":13,"minecraft:amethyst_block":67,"minecraft:glass_bottle":7,"minecraft:baked_potato":279,"minecraft:black_shulker_box":32,"minecraft:spruce_sign":12,"minecraft:stonecutter":2,"minecraft:cobblestone_slab":67,"minecraft:waxed_copper_block":7,"minecraft:smoker":1,"minecraft:wooden_hoe":19,"minecraft:stone_axe":12,"minecraft:cobbled_deepslate_slab":1020,"minecraft:bucket":205,"minecraft:yellow_bed":2,"minecraft:splash_potion":14},"minecraft:killed":{"minecraft:shulker":18,"minecraft:skeleton":58,"minecraft:chicken":3,"minecraft:magma_cube":13,"minecraft:iron_golem":2,"minecraft:ender_dragon":1,"minecraft:pillager":2,"minecraft:zombie":193,"minecraft:cow":6,"minecraft:horse":3,"minecraft:husk":25,"minecraft:breeze":4,"minecraft:enderman":26,"minecraft:zombified_piglin":3,"minecraft:spider":35,"minecraft:silverfish":16,"minecraft:piglin_brute":4,"minecraft:piglin":10,"minecraft:zombie_villager":2,"minecraft:creeper":21,"minecraft:sheep":2,"minecraft:trader_llama":1,"minecraft:ghast":1,"minecraft:blaze":19,"minecraft:bogged":21,"minecraft:slime":5,"minecraft:phantom":24,"minecraft:drowned":4,"minecraft:bat":2,"minecraft:hoglin":1,"minecraft:wither_skeleton":25},"minecraft:killed_by":{"minecraft:piglin_brute":3,"minecraft:magma_cube":1,"minecraft:bogged":4,"minecraft:zombie":1,"minecraft:husk":1,"minecraft:ender_dragon":3,"minecraft:zombified_piglin":1,"minecraft:wither_skeleton":3,"minecraft:silverfish":4,"minecraft:enderman":3},"minecraft:custom":{"minecraft:interact_with_crafting_table":323,"minecraft:open_barrel":15,"minecraft:bell_ring":1,"minecraft:leave_game":31,"minecraft:time_since_death":392398,"minecraft:damage_blocked_by_shield":9743,"minecraft:play_time":2189999,"minecraft:deaths":33,"minecraft:jump":32762,"minecraft:interact_with_furnace":421,"minecraft:traded_with_villager":356,"minecraft:sleep_in_bed":10,"minecraft:damage_dealt":102292,"minecraft:use_cauldron":30,"minecraft:inspect_dispenser":45,"minecraft:horse_one_cm":398806,"minecraft:interact_with_smithing_table":2,"minecraft:interact_with_anvil":13,"minecraft:inspect_hopper":8,"minecraft:sneak_time":155872,"minecraft:interact_with_blast_furnace":2,"minecraft:total_world_time":2189999,"minecraft:interact_with_stonecutter":28,"minecraft:time_since_rest":378628,"minecraft:swim_one_cm":154236,"minecraft:fly_one_cm":6551990,"minecraft:open_chest":1473,"minecraft:fall_one_cm":663020,"minecraft:open_shulker_box":319,"minecraft:sprint_one_cm":3112332,"minecraft:drop":1095,"minecraft:talked_to_villager":897,"minecraft:interact_with_brewingstand":20,"minecraft:walk_on_water_one_cm":157503,"minecraft:open_enderchest":3,"minecraft:player_kills":3,"minecraft:crouch_one_cm":564127,"minecraft:mob_kills":562,"minecraft:fill_cauldron":3,"minecraft:climb_one_cm":43981,"minecraft:walk_one_cm":6024916,"minecraft:walk_under_water_one_cm":90494,"minecraft:boat_one_cm":682899,"minecraft:interact_with_grindstone":4,"minecraft:damage_taken":32354,"minecraft:damage_absorbed":40,"minecraft:minecart_one_cm":940,"minecraft:aviate_one_cm":4582252},"minecraft:picked_up":{"minecraft:wooden_axe":3,"minecraft:iron_chestplate":11,"minecraft:anvil":3,"minecraft:smithing_table":7,"minecraft:diamond_sword":19,"minecraft:enchanted_book":13,"minecraft:brewing_stand":5,"minecraft:amethyst_block":527,"minecraft:string":224,"minecraft:dark_oak_pressure_plate":1,"minecraft:soul_soil":51,"minecraft:cherry_boat":6,"minecraft:diamond_leggings":21,"minecraft:gold_nugget":1700,"minecraft:cobbled_deepslate":1022,"minecraft:spruce_planks":215,"minecraft:trial_key":25,"minecraft:melon_slice":71,"minecraft:spruce_pressure_plate":8,"minecraft:composter":19,"minecraft:purpur_pillar":2,"minecraft:golden_axe":2,"minecraft:cauldron":2,"minecraft:stone_sword":17,"minecraft:honey_bottle":2,"minecraft:blaze_rod":34,"minecraft:feather":8,"minecraft:iron_door":4,"minecraft:water_bucket":11,"minecraft:jungle_log":33,"minecraft:smoker":5,"minecraft:flint":39,"minecraft:stonecutter":1,"minecraft:diamond_helmet":19,"minecraft:glowstone_dust":29,"minecraft:honeycomb":3,"minecraft:loom":3,"minecraft:dark_oak_log":42,"minecraft:dispenser":3,"minecraft:deepslate":20,"minecraft:lever":3,"minecraft:granite":134,"minecraft:bread":599,"minecraft:crimson_roots":7,"minecraft:diamond_pickaxe":29,"minecraft:coarse_dirt":5,"minecraft:crafting_table":38,"minecraft:ominous_bottle":2,"minecraft:nether_wart":20,"minecraft:dragon_head":1,"minecraft:purpur_block":49,"minecraft:wind_charge":2,"minecraft:cornflower":1,"minecraft:elytra":5,"minecraft:flint_and_steel":11,"minecraft:iron_shovel":6,"minecraft:cracked_stone_bricks":2,"minecraft:deepslate_diamond_ore":50,"minecraft:beef":19,"minecraft:jungle_sapling":3,"minecraft:iron_nugget":64,"minecraft:poppy":396,"minecraft:spruce_slab":1,"minecraft:minecart":44,"minecraft:guster_pottery_sherd":3,"minecraft:quartz_stairs":78,"minecraft:chest":8,"minecraft:diamond_hoe":1,"minecraft:egg":2,"minecraft:sandstone":28,"minecraft:stone":5,"minecraft:oak_door":1,"minecraft:fire_charge":32,"minecraft:flow_pottery_sherd":8,"minecraft:carrot":3,"minecraft:redstone":167,"minecraft:music_disc_creator_music_box":7,"minecraft:tnt":82,"minecraft:diamond_chestplate":21,"minecraft:decorated_pot":27,"minecraft:beetroot_seeds":6,"minecraft:diamond_boots":15,"minecraft:hay_block":63,"minecraft:purpur_slab":3,"minecraft:gold_ingot":439,"minecraft:tuff_bricks":118,"minecraft:mutton":14,"minecraft:bone_block":158,"minecraft:rail":422,"minecraft:white_wool":84,"minecraft:oxeye_daisy":5,"minecraft:red_mushroom":2,"minecraft:oak_log":322,"minecraft:lily_pad":22,"minecraft:ancient_debris":77,"minecraft:golden_boots":7,"minecraft:stone_bricks":6,"minecraft:apple":3,"minecraft:kelp":472,"minecraft:stone_pickaxe":10,"minecraft:glass_bottle":6,"minecraft:iron_sword":4,"minecraft:smooth_basalt":26,"minecraft:gravel":659,"minecraft:spruce_sapling":14,"minecraft:spruce_log":135,"minecraft:crying_obsidian":57,"minecraft:dragon_egg":1,"minecraft:polished_tuff":21,"minecraft:firework_rocket":148,"minecraft:diamond_shovel":13,"minecraft:slime_ball":3,"minecraft:stone_axe":8,"minecraft:diamond_axe":18,"minecraft:baked_potato":99,"minecraft:smooth_quartz_slab":11,"minecraft:hopper":1,"minecraft:ender_pearl":37,"minecraft:shulker_shell":17,"minecraft:nether_brick_fence":1,"minecraft:potion":6,"minecraft:nether_brick":90,"minecraft:raw_copper":223,"minecraft:oak_sign":1,"minecraft:black_shulker_box":31,"minecraft:bucket":12,"minecraft:redstone_torch":4,"minecraft:cobblestone_slab":13,"minecraft:ender_eye":26,"minecraft:calcite":903,"minecraft:smooth_quartz":58,"minecraft:iron_pickaxe":15,"minecraft:smooth_quartz_stairs":3,"minecraft:furnace":19,"minecraft:iron_boots":2,"minecraft:tipped_arrow":253,"minecraft:stick":381,"minecraft:orange_shulker_box":38,"minecraft:torch":116,"minecraft:porkchop":5,"minecraft:dried_kelp":1,"minecraft:pointed_dripstone":128,"minecraft:diorite":394,"minecraft:goat_horn":1,"minecraft:rotten_flesh":225,"minecraft:obsidian":28,"minecraft:blaze_powder":16,"minecraft:cobblestone":6832,"minecraft:magma_cream":1,"minecraft:andesite":364,"minecraft:chiseled_quartz_block":4,"minecraft:potato":775,"minecraft:tuff":41,"minecraft:lapis_lazuli":219,"minecraft:dirt":2323,"minecraft:name_tag":1,"minecraft:leather_boots":3,"minecraft:glass":66,"minecraft:bone":316,"minecraft:bow":22,"minecraft:wheat_seeds":54,"minecraft:cobbled_deepslate_slab":92,"minecraft:raw_gold":82,"minecraft:bolt_armor_trim_smithing_template":2,"minecraft:fletching_table":21,"minecraft:bamboo":62,"minecraft:powered_rail":28,"minecraft:oak_planks":247,"minecraft:scrape_pottery_sherd":3,"minecraft:poisonous_potato":6,"minecraft:bamboo_raft":2,"minecraft:jungle_planks":26,"minecraft:sand":1632,"minecraft:nether_brick_stairs":2,"minecraft:grass_block":1,"minecraft:spectral_arrow":95,"minecraft:shulker_box":20,"minecraft:mossy_cobblestone":3,"minecraft:spruce_boat":25,"minecraft:diamond":293,"minecraft:waxed_oxidized_copper_grate":2,"minecraft:cracked_polished_blackstone_bricks":16,"minecraft:crossbow":13,"minecraft:breeze_rod":6,"minecraft:bone_meal":157,"minecraft:golden_apple":24,"minecraft:emerald":300,"minecraft:piglin_banner_pattern":2,"minecraft:oak_sapling":28,"minecraft:netherrack":2586,"minecraft:chorus_fruit":2,"minecraft:end_stone_bricks":1,"minecraft:cocoa_beans":6,"minecraft:chicken":1,"minecraft:azure_bluet":2,"minecraft:splash_potion":6,"minecraft:ladder":18,"minecraft:brown_mushroom":51,"minecraft:wooden_pickaxe":6,"minecraft:gold_block":14,"minecraft:brick":84,"minecraft:shield":30,"minecraft:iron_axe":20,"minecraft:item_frame":4,"minecraft:quartz_slab":148,"minecraft:blackstone":203,"minecraft:oak_boat":8,"minecraft:observer":3,"minecraft:lectern":375,"minecraft:sugar_cane":75,"minecraft:phantom_membrane":13,"minecraft:spruce_trapdoor":94,"minecraft:dark_oak_sapling":1,"minecraft:raw_iron":39,"minecraft:end_stone":238,"minecraft:polished_blackstone_bricks":19,"minecraft:dark_oak_planks":21,"minecraft:arrow":342,"minecraft:nether_bricks":11,"minecraft:golden_carrot":447,"minecraft:crimson_stem":4,"minecraft:leather":132,"minecraft:waxed_copper_block":15,"minecraft:yellow_bed":2,"minecraft:gunpowder":160,"minecraft:wooden_hoe":1,"minecraft:cooked_mutton":13,"minecraft:iron_ingot":194,"minecraft:cooked_chicken":4,"minecraft:soul_sand":223,"minecraft:book":631,"minecraft:oak_slab":10,"minecraft:bamboo_planks":4,"minecraft:quartz":1433,"minecraft:dandelion":32,"minecraft:dripstone_block":139,"minecraft:lava_bucket":8,"minecraft:amethyst_shard":12,"minecraft:blast_furnace":3,"minecraft:white_bed":39,"minecraft:spider_eye":7,"minecraft:spruce_door":2,"minecraft:iron_helmet":1,"minecraft:coal":496,"minecraft:chiseled_tuff_bricks":2},"minecraft:dropped":{"minecraft:iron_sword":2,"minecraft:lapis_lazuli":32,"minecraft:glass_bottle":13,"minecraft:diamond":95,"minecraft:crafting_table":2,"minecraft:crossbow":3,"minecraft:cracked_stone_bricks":2,"minecraft:elytra":3,"minecraft:music_disc_creator_music_box":1,"minecraft:emerald":1,"minecraft:dirt":267,"minecraft:scrape_pottery_sherd":1,"minecraft:gold_nugget":22,"minecraft:bone_block":32,"minecraft:bolt_armor_trim_smithing_template":1,"minecraft:iron_pickaxe":7,"minecraft:dark_oak_planks":3,"minecraft:white_wool":76,"minecraft:bone":22,"minecraft:stone_axe":3,"minecraft:cherry_boat":1,"minecraft:sugar_cane":6,"minecraft:iron_nugget":28,"minecraft:cobbled_deepslate":174,"minecraft:nether_brick":7,"minecraft:rotten_flesh":197,"minecraft:oak_planks":35,"minecraft:glowstone_dust":1,"minecraft:end_stone":106,"minecraft:azure_bluet":1,"minecraft:white_bed":55,"minecraft:waxed_copper_block":9,"minecraft:leather_boots":3,"minecraft:ladder":3,"minecraft:spruce_slab":7,"minecraft:end_stone_bricks":1,"minecraft:glass":60,"minecraft:egg":1,"minecraft:lectern":3,"minecraft:enchanted_book":2,"minecraft:golden_boots":6,"minecraft:iron_ingot":60,"minecraft:wheat_seeds":31,"minecraft:tnt":97,"minecraft:dripstone_block":5,"minecraft:deepslate_diamond_ore":1,"minecraft:feather":3,"minecraft:book":125,"minecraft:cobblestone":2953,"minecraft:purpur_slab":1,"minecraft:iron_helmet":2,"minecraft:granite":8,"minecraft:coal":81,"minecraft:golden_apple":4,"minecraft:lava_bucket":3,"minecraft:jungle_slab":1,"minecraft:gray_wool":1,"minecraft:golden_carrot":259,"minecraft:wooden_axe":1,"minecraft:diamond_helmet":15,"minecraft:dried_kelp":2,"minecraft:iron_shovel":1,"minecraft:string":86,"minecraft:lily_pad":22,"minecraft:spruce_sapling":1,"minecraft:purpur_pillar":2,"minecraft:stone_sword":6,"minecraft:deepslate":24,"minecraft:diamond_hoe":3,"minecraft:chicken":1,"minecraft:iron_boots":1,"minecraft:cobbled_deepslate_slab":65,"minecraft:orange_wool":1,"minecraft:nether_bricks":4,"minecraft:oak_sign":1,"minecraft:diamond_sword":11,"minecraft:cobblestone_slab":16,"minecraft:potato":1,"minecraft:stone":70,"minecraft:spruce_trapdoor":3,"minecraft:spruce_planks":33,"minecraft:diamond_pickaxe":16,"minecraft:spider_eye":3,"minecraft:sandstone":1,"minecraft:bow":4,"minecraft:bell":2,"minecraft:quartz_slab":6,"minecraft:black_wool":1,"minecraft:nether_brick_stairs":2,"minecraft:soul_sand":28,"minecraft:brown_mushroom":39,"minecraft:diamond_axe":10,"minecraft:baked_potato":5,"minecraft:ender_pearl":9,"minecraft:decorated_pot":6,"minecraft:leather":8,"minecraft:honeycomb":1,"minecraft:red_wool":1,"minecraft:jungle_planks":3,"minecraft:flint":20,"minecraft:dispenser":1,"minecraft:crimson_roots":2,"minecraft:black_shulker_box":1,"minecraft:gold_ingot":291,"minecraft:gravel":178,"minecraft:blackstone":21,"minecraft:purpur_block":14,"minecraft:yellow_wool":1,"minecraft:diamond_shovel":15,"minecraft:cooked_mutton":1,"minecraft:carrot":3,"minecraft:poppy":575,"minecraft:gunpowder":7,"minecraft:beetroot_seeds":6,"minecraft:spruce_pressure_plate":3,"minecraft:chest":8,"minecraft:arrow":14,"minecraft:quartz":30,"minecraft:netherrack":1681,"minecraft:water_bucket":7,"minecraft:bread":71,"minecraft:oak_slab":16,"minecraft:mossy_cobblestone":3,"minecraft:smithing_table":1,"minecraft:minecart":1,"minecraft:diamond_leggings":17,"minecraft:poisonous_potato":6,"minecraft:polished_tuff":5,"minecraft:dark_oak_pressure_plate":1,"minecraft:stick":57,"minecraft:diorite":270,"minecraft:brewing_stand":1,"minecraft:torch":35,"minecraft:brown_wool":1,"minecraft:fire_charge":4,"minecraft:iron_leggings":1,"minecraft:smooth_quartz_slab":1,"minecraft:iron_axe":19,"minecraft:bucket":3,"minecraft:dandelion":8,"minecraft:smooth_basalt":3,"minecraft:anvil":1,"minecraft:tuff_bricks":7,"minecraft:kelp":7,"minecraft:flow_pottery_sherd":6,"minecraft:coarse_dirt":220,"minecraft:blaze_rod":14,"minecraft:raw_copper":98,"minecraft:tuff":2,"minecraft:composter":5,"minecraft:light_gray_wool":1,"minecraft:flint_and_steel":1,"minecraft:bamboo_raft":5,"minecraft:shield":7,"minecraft:trial_key":7,"minecraft:diamond_chestplate":12,"minecraft:iron_chestplate":7,"minecraft:andesite":163,"minecraft:oak_sapling":5,"minecraft:diamond_boots":11,"minecraft:spruce_log":17,"minecraft:stone_pickaxe":13,"minecraft:wooden_pickaxe":3,"minecraft:magma_cream":1,"minecraft:calcite":4,"minecraft:waxed_oxidized_copper_grate":2,"minecraft:brick":40}},"DataVersion":3955}